{
    "one": {
        "min": 10.0,
        "max": 14801.0,
        "n": 1642000000,
        "M2": 5375330904757.336,
        "std": 57.21580674311187,
        "mean": 108.00605227582395
    },
    "two": {
        "min": 6.0,
        "max": 2371.0,
        "n": 1642000000,
        "M2": 941169585307.8906,
        "std": 23.941279989174156,
        "mean": 41.44922781741913
    },
    "ssrd": {
        "min": 0.0,
        "max": 475553.84375,
        "n": 1642000000,
        "M2": 2.2868216859961184e+19,
        "std": 118012.92498208213,
        "mean": 43562.58876960305
    },
    "strd": {
        "min": 488600.21875,
        "max": 1048084.875,
        "n": 1642000000,
        "M2": 5.447237486036572e+19,
        "std": 182138.4257286131,
        "mean": 735509.1976589717
    },
    "e": {
        "min": -3.9823586121201515e-05,
        "max": 5.488294391398085e-06,
        "n": 1642000000,
        "M2": 0.13896625448815214,
        "std": 9.199582104319975e-06,
        "mean": -7.664503468006241e-06
    },
    "u10": {
        "min": -8.066754341125488,
        "max": 8.454050064086914,
        "n": 1642000000,
        "M2": 32180340326.074295,
        "std": 4.426992028484408,
        "mean": -2.1100911411309404
    },
    "v10": {
        "min": -8.183151245117188,
        "max": 4.722242832183838,
        "n": 1642000000,
        "M2": 17574448668.373695,
        "std": 3.271555395631125,
        "mean": -1.5692185028135022
    },
    "t2m": {
        "min": 238.28208923339844,
        "max": 269.6087951660156,
        "n": 1642000000,
        "M2": 159585617499.28876,
        "std": 9.858487674699905,
        "mean": 254.979942086704
    },
    "sst": {
        "min": 0.0,
        "max": 272.1567687988281,
        "n": 1642000000,
        "M2": 9681327996111.432,
        "std": 76.78579597111725,
        "mean": 247.65978877264652
    },
    "sp": {
        "min": 98538.53125,
        "max": 102194.484375,
        "n": 1642000000,
        "M2": 1463054684789527.8,
        "std": 943.9385072528522,
        "mean": 100892.32621828945
    },
    "rsn": {
        "min": 99.23683166503906,
        "max": 241.22654724121094,
        "n": 1642000000,
        "M2": 100527537945.47423,
        "std": 7.824488322336416,
        "mean": 103.32585511883362
    },
    "sd": {
        "min": -0.0005994269158691168,
        "max": 0.1183057501912117,
        "n": 1642000000,
        "M2": 107360.88782057844,
        "std": 0.008086050898649678,
        "mean": 0.0032922275937854965
    },
    "lsm": {
        "min": -0.0022306235041469336,
        "max": 0.6760706901550293,
        "n": 1642000000,
        "M2": 18042774.421628393,
        "std": 0.10482505122909183,
        "mean": 0.08360957178626638
    }
}