,layer,min,max,n,M2,std,mean
0,one,10.0,14801.0,2918000000.0,8233694129019.272,53.119590815274584,102.60851329968
1,two,6.0,2371.0,2918000000.0,1341420002238.6023,21.4407387548694,39.961503647484996
2,strd,488600.23137280374,1048084.905752056,2918000000.0,9.248378204834015e+19,178028.75183491356,700292.4064320824
3,e,-3.9823584966626544e-05,5.488294599198111e-06,2918000000.0,0.20223679880328596,8.32506143996507e-06,-7.074367852980521e-06
4,u10,-8.066754146313176,8.454049739852511,2918000000.0,63686564491.56291,4.671767995827843,-1.9274484401231613
5,v10,-8.183150869534813,4.722242902490867,2918000000.0,27590328946.931168,3.0749339777334836,-1.923716728678124
6,t2m,238.28208734772832,269.60878672664785,2918000000.0,301774322819.9644,10.16947418581163,253.40384298697236
7,sp,98538.52923387116,102194.480759923,2918000000.0,3197062690820323.0,1046.725808429796,100971.50673115824
