,layer,min,max,n,M2,std,mean
0,one,10.0,14801.0,3170000000.0,10472502390575.95,57.47719995247917,115.41019935490039
1,two,6.0,2371.0,3170000000.0,1718043836133.161,23.280241931632045,43.88976304844779
2,strd,488600.23137280374,1048084.905752056,3170000000.0,1.2115359556541715e+20,195496.29117430237,824288.617916509
3,e,-3.9823584966626544e-05,5.488294599198111e-06,3170000000.0,0.24219101362927972,8.740763735034661e-06,-1.0430878184171694e-05
4,u10,-8.066754146313176,8.454049739852511,3170000000.0,61716820817.9461,4.412372224687572,-2.6871184961177597
5,v10,-8.183150869534813,4.722242902490867,3170000000.0,30542055973.655037,3.1039842094897714,-1.1971454872537621
6,t2m,238.28208734772832,273.29997066092244,3170000000.0,312955542149.6843,9.93600250546184,259.02911009804706
7,sp,98538.52923387116,102194.480759923,3170000000.0,1761115217133953.5,745.3568613965394,100911.99737371111
