{
    "one": {
        "min": 10.0,
        "max": 14801.0,
        "sum": 207713040168.0,
        "mean": 106.62887072279261,
        "d": 1.2344043001971202e+21,
        "std": 796038.8006718725
    },
    "two": {
        "min": 5.0,
        "max": 2371.0,
        "sum": 79872942046.0,
        "mean": 41.00253698459959,
        "d": 1.234636062078431e+21,
        "std": 796113.5261046839
    },
    "ssrd": {
        "min": 0.0,
        "max": 475553.84375,
        "sum": 95857683660800.0,
        "mean": 49208.256499383984,
        "d": 1.1221697661774154e+21,
        "std": 758987.818284739
    },
    "strd": {
        "min": 488600.21875,
        "max": 1048152.25,
        "sum": 1473525980299264.0,
        "mean": 756430.174691614,
        "d": 1.3051146120325115e+22,
        "std": 2588390.8132699523
    },
    "e": {
        "min": -3.9823586121201515e-05,
        "max": 6.807644240325317e-06,
        "sum": -15123.33152590692,
        "mean": -7.763517210424496e-06,
        "d": 1.2347810061092955e+21,
        "std": 796160.2558741043
    },
    "u10": {
        "min": -8.066754341125488,
        "max": 8.753693580627441,
        "sum": -3846879012.1225586,
        "mean": -1.9747838871265702,
        "d": 1.2347880424167776e+21,
        "std": 796162.5243007957
    },
    "v10": {
        "min": -8.183151245117188,
        "max": 5.21311616897583,
        "sum": -2917983809.5578613,
        "mean": -1.4979383005943847,
        "d": 1.2347863026114253e+21,
        "std": 796161.9634076459
    },
    "t2m": {
        "min": 238.28208923339844,
        "max": 269.6481628417969,
        "sum": 498569159808.0,
        "mean": 255.9389937412731,
        "d": 1.233877949240576e+21,
        "std": 795869.0667934865
    },
    "sst": {
        "min": 0.0,
        "max": 272.3094177246094,
        "sum": 470465754464.0,
        "mean": 241.51219428336756,
        "d": 1.233928765747434e+21,
        "std": 795885.4553145377
    },
    "sp": {
        "min": 98156.296875,
        "max": 102194.484375,
        "sum": 196469954871296.0,
        "mean": 100857.26636103491,
        "d": 1.1358901463553315e+21,
        "std": 763613.6618852013
    },
    "rsn": {
        "min": 99.15821838378906,
        "max": 241.22654724121094,
        "sum": 202680130464.0,
        "mean": 104.04524151129364,
        "d": 1.2344133799297826e+21,
        "std": 796041.7283213495
    },
    "sd": {
        "min": -0.02222435735166073,
        "max": 0.9085150957107544,
        "sum": 7508419.159903691,
        "mean": 0.0038544246200737636,
        "d": 1.2347810061092955e+21,
        "std": 796160.2558741043
    },
    "lsm": {
        "min": -0.0022306235041469336,
        "max": 0.6760706901550293,
        "sum": 185021885.49077994,
        "mean": 0.0949804340301745,
        "d": 1.2347805955791415e+21,
        "std": 796160.123523583
    }
}